Left,Right
130,105
62,25
75,10
50,8
143,51
64,126
27,116
128,88
3,84
136,3
20,57
73,123
46,135
15,66
16,33
134,113
131,4
79,42
104,23
38,127
110,130
131,17
85,30
51,7
144,43
63,86
1,33
39,80
21,142
95,58
116,127
106,54
145,78
12,116
77,119
15,114
3,64
112,76
14,60
105,12
9,98
136,26
6,111
34,12
128,149
28,146
107,58
80,26
100,116
76,53
98,28
53,142
43,58
1,11
40,86
61,13
64,2
112,133
85,84
125,54
122,12
67,63
78,15
90,89
32,52
32,134
110,48
85,115
138,131
83,41
42,65
99,41
37,10
85,131
56,5
5,73
6,122
21,18
92,40
7,79
141,149
141,103
97,68
37,146
34,88
49,16
4,125
59,116
43,17
4,37
9,76
32,127
135,137
137,133
15,101
115,2
55,122
34,77
130,2
109,129
46,65
89,135
24,82
135,59
81,19
146,96
50,78
87,114
113,105
140,124
54,108
10,118
141,2
113,138
93,88
128,53
131,77
144,39
137,145
24,71
85,119
88,49
66,28
85,109
104,111
37,123
6,33
80,76
113,74
147,99
96,22
130,64
68,41
86,125
128,116
63,97
120,66
26,121
52,18
93,6
117,128
44,29
104,30
119,127
56,138
149,122
16,147
69,57
35,66
114,51
53,119
35,113
21,46
95,107
42,97
78,87
4,146
111,83
116,139
134,68
146,13
122,89
71,108
9,96
139,113
15,103
96,144
56,19
135,127
101,105
16,80
126,109
65,88
49,62
38,117
46,94
110,49
130,80
94,53
90,141
57,118
125,27
116,103
42,111
93,72
51,77
103,14
4,3
42,33
20,75
46,80
16,78
54,105
50,131
42,75
84,97
119,76
19,91
16,129
40,54
68,63
109,93
50,5
34,48
94,96
58,73
17,18
132,90
135,81
132,61
34,97
34,124
99,139
133,147
84,142
33,34
110,29
42,137
146,31
79,9
148,24
58,103
78,125
76,15
44,43
42,124
104,37
127,1
96,68
73,8
64,94
112,45
97,133
19,29
68,43
134,73
64,133
2,146
2,133
40,118
26,145
146,120
73,146
84,3
106,31
109,144
135,9
22,16
130,76
1,9
133,13
52,136
13,144
105,125
119,23
77,56
111,56
4,57
34,104
12,75
83,140
61,37
19,61
14,84
32,66
56,54
71,15
34,101
144,53
90,44
134,64
49,29
29,13
106,11
117,57
64,72
107,39
97,138
62,50
57,104
22,17
117,115
103,32
36,39
131,88
137,7
51,18
37,8
68,135
61,49
86,61
73,94
22,82
69,20
120,123
77,26
44,72
141,129
44,8
69,122
142,9
118,53
50,132
134,30
50,47
119,21
3,14
86,65
85,46
65,24
4,126
114,74
11,53
10,106
21,44
132,117
145,116
18,28
5,23
26,94
95,6
28,85
143,146
14,100
63,106
16,54
58,111
119,125
48,39
31,75
34,134
118,65
139,9
35,145
121,86
134,145
82,95
118,77
128,102
85,66
69,144
77,30
20,99
98,48
141,10
3,79
54,52
100,51
78,116
130,45
69,14
129,138
75,58
125,30
135,21
142,10
114,79
145,40
50,111
127,68
87,146
128,95
1,122
126,16
8,133
35,21
34,14
48,141
56,134
85,42
75,120
2,79
34,102
76,100
91,80
137,26
149,109
116,128
64,87
17,2
2,60
20,128
96,101
139,63
99,33
146,94
105,64
62,128
140,31
75,143
90,115
87,64
36,6
143,110
97,54
19,90
9,41
43,36
31,41
64,136
71,144
22,133
84,11
119,57
130,89
81,18
138,94
134,59
102,137
115,149
116,18
29,103
72,82
60,3
30,132
127,30
78,16
38,59
13,53
82,44
109,133
143,132
104,60
147,131
32,65
13,96
133,25
122,54
145,24
122,31
146,121
45,67
31,97
94,56
18,12
23,108
147,96
14,124
144,104
56,141
103,54
35,36
125,127
67,78
80,139
95,82
22,134
58,131
27,133
108,148
19,110
67,38
66,126
114,112
62,24
112,122
145,39
3,118
122,47
44,68
108,99
6,121
142,42
80,100
137,61
38,28
95,112
68,133
101,34
91,10
49,58
65,34
142,103
111,134
10,92
3,142
111,53
40,140
80,132
66,31
130,122
87,6
70,87
113,8
113,1
87,31
72,94
29,124
76,47
45,111
33,112
76,89
89,47
19,74
1,8
3,69
86,87
46,104
108,110
144,66
46,11
112,5
132,27
136,35
24,126
35,48
130,95
80,66
50,118
84,32
15,98
43,16
138,114
102,93
12,32
41,10
141,130
111,141
80,137
138,91
104,126
147,50
27,73
10,41
70,28
109,110
86,117
145,87
51,57
1,116
50,85
17,69
26,13
144,143
37,42
95,132
90,116
20,66
94,1
7,92
30,94
133,4
43,75
86,104
39,56
129,11
129,111
22,24
113,134
141,21
4,124
48,137
10,111
39,138
79,75
73,121
44,5
43,149
55,37
53,110
142,125
138,16
72,103
124,106
94,102
49,47
31,24
144,136
45,6
26,55
81,47
94,3
21,73
29,131
18,103
56,64
120,128
16,46
108,42
26,17
13,75
69,145
54,76
18,27
87,106
130,39
18,9
10,112
44,144
75,62
107,105
149,146
91,42
79,12
128,68
55,85
129,127
98,91
118,119
108,139
142,87
120,67
64,125
84,135
55,135
83,18
92,37
96,147
8,113
107,126
143,30
56,44
74,45
102,47
124,70
4,68
32,40
62,53
143,100
116,58
106,119
6,106
25,120
95,7
18,1
41,103
6,32
100,133
11,133
39,43
24,84
10,105
27,57
126,23
104,39
39,40
27,138
121,36
105,110
100,10
93,8
112,12
29,43
99,37
134,57
22,12
25,119
27,53
86,15
119,126
79,142
141,64
99,52
45,5
88,126
141,101
29,137
38,14
41,89
12,124
1,125
95,122
88,75
57,22
137,96
144,98
93,109
54,99
28,89
124,61
131,56
128,55
30,95
4,112
56,16
89,93
128,111
29,132
131,117
15,100
13,43
149,18
21,39
18,46
113,88
31,8
137,131
114,73
118,106
98,68
100,132
72,67
138,142
145,67
40,89
73,108
25,72
1,101
120,42
105,137
67,140
74,14
49,122
24,101
97,84
138,15
73,78
148,74
24,85
77,67
142,83
111,115
9,40
17,22
141,63
110,3
100,52
67,17
140,33
124,81
10,86
56,133
95,65
129,20
16,32
52,26
32,41
68,107
145,33
30,65
133,146
98,32
127,93
87,123
126,37
141,137
91,103
37,111
73,52
41,84
34,85
36,141
137,65
28,2
18,124
132,74
135,101
5,36
129,73
98,104
78,139
89,132
18,25
141,7
19,109
45,72
122,117
62,93
145,52
41,19
21,136
60,81
70,132
99,55
110,79
26,65
41,78
66,77
7,93
101,65
41,147
119,14
144,114
90,45
13,112
109,136
116,51
104,26
107,40
1,97
26,52
94,5
11,64
82,35
30,102
65,4
139,69
13,25
59,117
62,49
147,30
127,98
6,4
142,72
63,74
51,98
27,108
94,59
18,133
118,110
77,23
51,100
95,39
47,66
109,38
86,70
116,76
25,57
34,126
65,149
127,146
8,2
108,45
8,12
141,67
61,136
135,10
105,117
87,30
44,124
68,62
84,5
51,78
125,66
14,132
35,7
95,125
51,119
48,140
25,146
11,2
85,68
122,110
24,32
113,33
27,83
65,127
30,115
111,17
22,137
47,96
117,123
44,97
147,75
40,107
81,42
10,130
44,58
59,135
38,55
83,105
40,50
126,68
90,47
60,109
3,87
83,13
141,100
26,105
96,107
50,19
41,71
47,139
25,81
142,2
118,115
57,115
3,127
83,30
148,30
17,47
86,63
9,127
84,112
86,123
54,73
24,63
116,67
105,47
48,20
53,33
143,118
12,86
116,82
83,65
73,107
95,70
125,20
43,63
58,130
76,121
7,42
88,34
1,81
35,129
52,131
9,25
27,145
112,111
104,82
77,97
5,135
6,141
50,120
44,27
2,119
125,91
10,75
133,106
136,145
50,115
121,10
133,64
107,83
125,88
39,15
58,74
129,50
100,45
20,114
105,71
98,82
104,89
1,64
3,41
3,114
97,108
28,93
67,110
109,119
99,138
37,24
10,145
97,45
124,51
103,52
147,33
89,32
21,94
55,106
104,83
20,139
30,5
20,30
107,35
60,130
122,80
129,148
9,144
81,54
143,68
85,116
63,95
77,43
143,73
64,55
51,42
128,59
141,14
80,117
90,93
128,10
144,58
117,70
62,106
26,109
20,123
46,101
85,123
63,104
77,4
111,120
97,9
59,143
139,147
114,96
106,83
126,38
128,15
148,100
61,55
62,116
126,47
147,17
42,32
127,13
57,14
22,6
99,3
112,64
148,96
51,130
33,125
133,20
16,77
17,132
11,80
80,75
31,117
76,96
69,137
91,130
66,108
47,68
147,115
57,41
103,27
56,42
127,63
91,48
109,123
146,111
75,104
13,28
2,148
13,41
56,109
132,21
130,88
145,65
75,108
39,2
143,90
60,69
80,126
18,63
130,31
81,40
13,30
70,4
18,80
14,105
49,102
66,135
21,22
61,76
89,17
11,93
24,69
9,45
69,109
132,9
107,75
9,83
104,80
72,57
54,65
30,20
32,85
86,121
37,23
86,48
36,45
96,137
9,62
146,127
130,85
82,69
18,20
130,34
101,57
16,9
134,58
54,94
142,116
118,139
67,53
102,94
96,97
103,33
9,142
117,65
19,52
91,56
54,72
54,136
111,19
131,73
91,30
97,53
90,73
8,92
138,3
53,48
76,46
67,33
69,67
109,102
53,89
143,26
118,130
120,143
109,121
34,96
9,52
70,69
87,67
10,53
146,44
146,140
12,90
9,138
54,93
94,148
52,27
31,144
90,106
90,112
56,90
31,140
49,37
4,20
142,63
149,39
124,74
121,149
12,121
70,32
146,47
15,95
41,18
26,130
82,127
140,100
82,81
100,80
21,103
110,116
138,80
81,50
91,67
74,127
109,143
110,84
143,116
82,28
38,1
32,98
91,72
109,82
121,122
103,90
78,91
78,75
95,31
27,88
146,126
120,30
32,83
27,92
56,4
120,46
140,97
146,68
12,13
54,111
143,7
23,104
109,77
135,113
148,7
9,49
119,131
4,101
84,69
9,1
137,47
31,119
22,119
91,47
110,40
59,70
86,126
95,66
92,29
26,69
112,13
12,130
84,80
77,19
117,73
73,92
108,2
85,110
97,49
82,128
46,127
143,9
144,27
104,114
2,30
122,19
88,108
70,115
36,68
121,70
37,47
147,118
56,107
79,128
42,43
116,90
45,97
117,12
24,120
26,102
111,1
27,13
53,94
90,5
56,72
93,143
61,52
66,67
138,42
48,55
127,17
32,42
135,149
118,44
85,137
13,94
30,100
132,133
33,21
9,75
32,136
123,11
3,116
132,13
140,117
10,127
38,20
41,70
75,106
132,100
43,53
114,11
5,134
77,91
134,70
68,3
93,53
40,44
15,148
26,20
149,43
4,116
13,124
99,120
37,16
122,91
74,26
144,110
129,144
63,78
13,122
51,135
3,6
122,99
91,60
149,93
10,100
72,49
116,1
45,62
28,91
45,61
50,11
8,1
63,99
36,70
71,114
18,97
92,100
131,28
75,97
23,16
5,128
112,41
59,33
59,52
54,143
68,86
79,6
42,37
96,37
79,123
96,40
97,98
98,43
127,45
102,62
32,73
136,63
105,131
72,90
67,113
35,137
115,121
10,98
117,109
12,117
56,51
139,52
35,148
13,27
27,38
93,4
77,44
6,133
110,62
11,111
133,110
31,135
48,96
34,11
13,24
128,82
50,88
88,48
140,103
13,142
98,3
46,74
138,141
10,126
60,132
39,98
81,5
87,24
96,78
140,5
63,38
11,57
27,58
102,54
144,38
83,27
38,126
42,141
66,12
33,1
93,83
148,70
73,2
105,36
77,70
26,115
106,70
101,58
146,1
109,100
2,106
18,59
28,134
84,89
21,144
33,146
145,27
42,135
45,121
48,115
46,21
89,80
133,108
98,72
4,132
23,49
129,62
38,36
81,125
4,45
3,139
82,132
85,12
137,146
36,42
55,148
120,95
73,89
2,29
111,48
2,118
98,7
123,46
80,85
142,5
51,90
114,122
129,123
134,1
130,79
25,149
60,84
7,81
129,69
34,92
54,41
51,38
15,62
61,94
23,115
77,42
129,77
3,145
146,54
73,98
88,2
136,77
48,129
60,75
115,56
6,149
68,13
75,137
91,55
3,90
144,89
77,28
115,113
15,112
47,120
63,105
43,11
49,51
126,26
24,118
50,89
86,35
123,14
12,41
73,120
28,138
113,26
68,124
70,76
82,100
95,116
42,73
83,129
8,83
4,21
95,126
21,132
14,53
24,35
74,56
97,56
137,126
144,68
28,42
28,101
132,5
123,33
79,22
132,56
125,73
129,114
112,72
27,31
113,90
2,73
83,47
95,23
81,83
117,34
24,64
2,141
93,21
109,42
2,132
146,32
56,89
146,84
134,87
33,59
50,140
120,3
10,5
117,114
58,5
37,130
44,33
139,68
6,97
113,89
38,63
138,143
89,98
101,114
41,120
139,134
56,20
21,102
57,10
11,79
45,27
28,120
25,23
118,89
13,137
8,107
81,111
40,74
34,87
71,42
47,16
4,58
113,23
147,57
39,67
44,107
46,107
135,139
118,100
106,93
86,135
63,148
83,82
20,131
16,59
89,101
78,90
22,66
41,86
147,77
64,146
35,31
64,57
47,91
103,21
126,65
128,17
12,44
98,18
6,146
69,54
58,139
105,55
6,45
95,25
82,36
25,94
92,65
29,70
62,87
76,66
140,102
128,37
113,69
44,56
117,119
57,61
89,79
130,120
49,86
61,23
45,70
98,2
133,90
5,35
47,89
55,131
130,71
120,25
16,22
82,39
124,48
46,100
47,56
99,141
1,25
97,148
94,105
53,11
85,72
33,87
123,128
72,112
102,68
46,111
98,20
31,37
123,6
59,133
16,118
34,133
29,128
52,79
47,125
41,135
119,35
74,5
77,71
103,30
22,95
32,141
9,97
117,102
42,84
149,36
53,112
89,10
47,110
97,38
57,143
146,15
72,18
24,1
44,75
90,140
140,125
5,82
5,119
55,12
90,17
92,31
26,112
87,46
62,83
86,82
136,91
7,32
113,66
64,138
7,96
48,58
106,24
51,126
99,82
54,121
128,84
100,61
117,18
51,146
126,70
43,139
21,53
135,2
103,11
133,22
35,122
96,27
128,114
139,148
96,119
147,68
35,115
66,32
100,143
140,77
36,79
143,16
47,64
2,40
78,71
9,37
88,98
83,63
56,129
30,50
54,89
132,69
47,124
49,142
107,68
77,12
128,73
44,17
56,74
3,85
61,84
142,146
91,129
70,73
61,146
41,129
23,57
88,146
21,121
145,4
120,148
11,107
36,5
48,112
82,77
147,34
67,139
83,32
75,83
55,74
112,61
130,147
108,140
90,148
80,142
51,141
144,41
48,2
41,79
107,24
29,41
90,80
120,48
98,110
58,121
100,118
143,82
127,106
112,35
91,112
29,118
96,47
6,116
79,105
121,81
17,128
73,86
99,75
139,42
149,90
109,24
38,82
47,112
21,116
110,16
42,117
49,73
127,81
57,87
133,80
14,66
112,44
118,42
94,76
97,52
9,80
58,84
113,41
143,89
19,30
10,135
83,88
50,54
101,39
63,18
83,24
55,69
105,100
23,40
81,58
147,83
65,143
119,61
10,45
123,69
98,88
64,45
119,118
71,48
139,116
124,58
102,96
74,118
13,54
116,3
127,55
133,81
11,42
72,54
22,146
30,3
92,50
125,40
122,36
39,133
18,148
61,140
128,62
84,102
79,3
129,97
69,63
136,134
59,25
33,116
113,93
62,145
105,142
124,9
26,107
1,68
66,129
142,109
57,34
138,58
91,21
20,93
3,70
13,19
108,10
21,27
141,94
13,92
11,29
111,101
96,30
30,138
144,128
54,119
139,51
104,3
9,87
49,17
141,29
41,44
140,37
24,18
8,87
139,15
65,97
67,144
111,128
86,50
58,45
91,140
54,21
51,99
130,125
118,60
42,106
36,3
14,12
1,37
119,11
23,53
51,143
88,101
80,70
5,58
2,44
145,58
83,115
134,53
70,53
82,112
80,41
9,109
45,120
38,88
67,4
24,111
113,42
144,78
116,72
106,107
56,85
28,100
38,18
127,54
59,110
133,66
19,36
120,87
72,24
59,56
21,130
86,11
23,134
129,124
46,39
14,138
17,35
75,105
20,33
139,10
142,132
113,76
15,30
56,105
43,121
114,66
105,54
16,123
90,94
46,87
61,73
143,125
117,74
33,65
84,21
131,145
59,29
143,5
49,99
111,33
80,63
48,21
86,4
69,17
94,26
19,24
98,69
27,132
44,65
114,97
41,3
133,103
70,142
102,141
25,109
58,122
20,108
63,141
3,22
134,98
120,110
55,121
56,112
98,60
108,114
20,13
129,14
8,41
77,63
48,77
19,59
62,101
29,24
21,71
45,106
120,81
72,136
6,79
11,24
147,76
116,50
37,54
147,141
140,18
41,139
125,15
98,108
131,20
6,38
136,14
24,53
118,97
2,90
89,42
46,98
144,21
41,95
119,105
140,6
83,85
146,148
111,22
119,98
36,54
75,103
54,64
69,84
24,58
55,134
79,78
39,112
30,49
100,64
51,6
82,130
33,144
133,116
49,25
2,47
33,56
91,33
16,135
74,81
59,73
124,27
122,41
8,65
130,148
72,68
115,51
109,2
65,51
96,74
15,121
81,96
114,57
64,108
75,107
45,146
141,3
64,134
31,96
127,50
34,46
48,139
143,4
38,17
76,72
126,114
13,42
1,145
19,28
52,93
80,46
117,144
101,119
28,66
25,123
17,148
26,90
21,15
122,3
5,39
139,84
144,34
60,9
83,96
66,1
69,141
68,142
5,62
133,18
131,35
61,27
148,9
50,103
50,82
40,28
120,80
138,115
50,41
79,53
6,61
133,112
103,85
45,137
119,149
86,18
2,57
88,72
78,114
93,60
89,105
45,93
95,135
78,135
54,30
67,68
130,67
49,33
17,138
50,65
76,145
114,3
33,148
39,9
45,64
68,77
36,95
69,38
6,90
11,59
125,28
146,22
120,126
65,140
57,80
41,12
98,66
144,106
79,101
70,61
15,28
17,29
22,61
54,28
76,131
45,18
120,84
18,115
64,102
19,77
136,54
69,31
136,96
14,134
18,110
92,38
127,104
80,115
103,120
7,144
27,25
51,26
103,71
137,37
90,20
134,93
143,93
65,18
79,121
118,121
99,79
146,143
87,13
61,24
147,14
65,83
105,133
47,126
119,141
48,59
54,79
37,78
16,120
45,19
144,7
115,12
29,104
37,63
82,94
1,87
122,48
139,126
115,146
43,66
43,46
113,104
36,145
149,99
82,24
136,12
62,41
126,133
1,78
89,61
3,33
69,79
100,142
45,143
70,83
39,44
72,131
46,45
96,29
137,105
87,131
127,3
111,2
19,116
69,13
118,74
49,129
130,51
51,34
83,52
13,40
140,113
102,45
67,146
76,141
108,77
74,105
118,95
46,69
139,122
82,26
146,113
90,8
14,43
113,148
73,59
148,85
40,92
123,4
127,7
21,117
134,17
106,16
9,78
39,66
134,24
127,15
27,78
106,117
96,121
124,120
91,62
91,16
147,144
8,111
47,138
91,46
117,136
58,48
144,142
105,48
98,15
104,131
30,77
146,48
118,120
37,132
92,58
75,130
48,104
72,126
99,43
71,113
145,117
131,99
139,97
124,2
32,4
12,106
49,79
20,72
48,24
41,53
149,76
21,48
59,32
28,133
137,108
50,70
122,73
97,147
103,56
7,23
11,143
83,15
74,15
39,134
58,118
107,109
54,88
52,117
105,140
65,33
108,6
146,26
148,149
82,109
139,117
81,48
17,80
16,48
15,5
110,21
29,35
134,107
121,130
90,60
35,107
38,57
110,90
60,40
27,49
123,17
145,43
101,113
95,51
109,29
49,110
95,52
50,38
125,130
132,109
123,98
27,141
54,132
45,95
132,64
107,148
84,143
111,66
44,98
62,102
52,96
91,93
77,99
72,59
97,139
23,116
104,130
143,81
15,46
107,64
147,40
74,100
18,21
83,144
69,85
115,62
37,92
28,69
77,137
99,145
42,3
44,66
37,44
52,54
62,30
120,112
85,71
120,49
54,91
50,40
52,15
147,53
134,2
147,8
126,41
121,126
136,146
14,11
67,62
89,82
141,139
145,22
52,80
83,35
103,50
70,80
105,46
38,66
24,130
98,143
142,111
130,22
11,121
11,131
37,55
140,21
148,76
46,42
144,129
53,71
38,91
15,45
14,86
147,130
76,79
33,62
76,83
65,139
55,81
31,13
9,133
137,14
39,92
11,106
106,35
48,47
41,23
132,68
115,80
143,18
77,27
129,68
23,33
26,15
123,65
76,135
17,111
140,29
57,105
76,64
49,44
85,96
35,40
89,141
136,30
148,104
130,47
76,68
108,55
131,8
73,1
38,51
77,140
46,7
105,1
118,15
45,119
128,126
140,147
75,128
24,12
10,147
76,29
84,139
108,1
95,67
48,90
47,11
99,100
11,73
119,43
120,26
90,137
1,45
44,105
42,149
114,78
58,104
133,17
145,25
28,15
90,92
29,7
99,50
120,68
43,115
95,100
33,145
35,27
37,139
54,92
129,139
4,142
131,38
76,56
3,25
53,90
44,31
90,86
99,8
128,144
7,140
129,1
129,102
78,145
43,83
14,68
52,86
10,93
91,43
79,77
21,88
125,65
86,79
44,104
93,30
143,131
129,91
59,94
88,114
78,74
102,85
21,81
99,4
52,124
90,41
59,20
32,132
100,73
52,83
68,16
136,1
75,111
110,101
76,65
99,147
78,41
126,48
120,124
117,50
80,43
71,140
26,38
18,94
2,147
24,87
50,144
140,134
99,39
7,36
110,50
85,2
126,82
108,84
106,27
138,40
93,18
43,30
73,145
98,53
146,131
98,113
51,44
90,43
32,24
101,47
106,115
30,57
61,101
21,4
58,36
115,136
124,97
26,91
2,81
51,125
122,42
55,103
57,90
140,41
41,140
93,58
77,6
27,48
81,109
60,136
133,105
88,122
13,133
103,64
86,32
76,71
74,82
93,35
145,49
106,41
35,43
29,6
20,10
25,31
102,140
130,84
125,19
139,87
106,39
61,129
17,81
67,52
8,32
42,142
29,44
147,105
71,2
86,144
107,123
97,95
119,94
90,16
45,74
67,135
52,70
142,48
88,30
73,137
149,95
25,136
136,41
123,76
63,39
114,128
58,98
105,39
110,96
43,67
66,103
2,129
91,22
133,15
147,63
32,128
82,20
121,99
110,11
138,78
117,84
107,76
44,23
140,146
111,81
38,98
138,86
79,97
30,133
112,73
19,49
138,71
81,92
72,48
84,56
103,72
139,33
104,125
56,118
30,96
91,1
118,124
102,6
47,54
15,129
74,48
79,62
21,123
13,115
115,50
74,47
121,115
80,36
61,90
134,127
63,143
64,128
103,70
3,99
36,83
4,147
55,82
143,134
83,59
140,142
120,40
97,74
90,142
113,130
39,6
138,82
133,37
68,81
62,39
75,78
140,114
126,103
8,97
47,19
101,48
124,145
4,64
17,134
62,149
130,69
83,103
63,56
97,8
83,33
25,75
105,126
11,41
63,136
74,132
95,16
49,40
85,73
85,87
105,145
27,68
122,97
6,19
16,5
22,41
65,67
90,12
128,9
3,137
109,140
90,3
67,39
21,11
94,68
86,137
39,149
137,121
109,37
138,47
57,75
33,39
44,37
148,80
92,82
5,127
76,2
101,20
52,16
136,27
9,95
18,145
48,86
133,34
136,79
20,121
76,91
121,76
112,100
148,41
8,37
88,107
124,73
77,96
32,79
38,76
64,48
131,59
44,128
137,21
110,94
75,22
110,124
73,134
35,14
68,123
48,70
139,59
16,14
121,50
6,3
84,123
129,36
142,29
40,27
6,105
83,71
57,132
86,93
55,114
119,91
142,1
72,97
56,117
98,117
39,137
55,123
144,1
79,86
82,104
83,92
62,32
43,105
49,63
39,1
37,75
52,105
119,48
67,44
139,145
24,76
143,48
92,126
79,139
114,137
112,136
7,150
54,135
99,126
83,75
114,81
80,77
41,77
21,66
80,58
44,91
30,120
19,86
136,87
6,74
95,71
108,48
98,142
36,22
69,30
25,44
68,92
137,31
10,109
100,91
148,119
148,138
80,49
28,12
4,120
27,61
90,61
20,133
19,18
34,138
89,48
54,49
74,16
124,103
131,40
13,11
81,113
138,137
52,108
40,75
99,65
120,89
102,87
4,44
106,142
20,106
57,64
125,99
99,94
105,84
42,146
117,147
67,91
32,70
105,63
100,30
15,69
124,54
51,80
121,14
104,47
37,99
33,69
122,115
84,78
116,21
141,45
77,129
113,4
138,77
91,96
119,129
125,39
75,147
88,64
140,43
138,10
61,91
139,93
68,88
61,116
15,50
68,59
8,121
105,11
12,149
103,134
16,99
120,91
134,148
64,41
38,111
88,76
59,82
31,130
55,100
62,65
85,7
97,128
134,117
21,9
64,99
105,35
37,22
127,69
125,72
23,147
55,5
63,17
45,100
12,131
31,77
146,63
93,31
69,143
100,82
15,56
37,100
12,33
109,57
114,83
112,140
117,91
119,55
38,108
145,129
50,130
130,112
142,4
85,93
32,107
59,131
82,3
128,90
24,40
133,135
148,43
149,88
132,135
134,51
110,55
87,28
86,94
52,28
54,70
67,24
17,65
83,77
2,32
130,21
34,83
9,135
17,127
137,119
43,42
107,36
12,68
125,124
27,55
72,129
20,137
117,40
146,73
111,96
142,97
85,36
32,87
64,80
78,72
8,17
100,47
146,33
114,21
91,58
81,3
2,48
18,50
106,130
90,113
137,130
17,48
122,63
49,54
34,149
138,56
122,67
12,7
11,124
49,105
80,67
134,140
77,61
23,88
17,9
95,75
60,88
84,45
43,50
86,106
54,86
148,47
22,68
143,55
142,98
124,15
122,143
50,60
93,34
116,94
112,91
11,76
6,39
53,67
20,44
23,4
35,26
108,56
44,57
108,145
103,25
56,124
57,60
138,120
43,98
96,71
71,52
73,82
21,2
25,7
107,101
146,97
29,143
54,113
4,28
115,83
37,60
125,45
98,24
77,115
5,44
75,18
52,147
124,86
15,96
147,109
90,134
128,4
64,67
9,89
71,81
125,146
85,80
93,92
5,71
91,25
9,32
22,67
137,140
37,101
106,125
120,104
39,95
128,56
102,132
40,48
34,73
129,12
118,102
85,105
75,42
141,54
105,119
82,55
102,139
138,84
114,95
84,67
108,64
30,97
146,8
113,63
6,144
28,136
74,140
100,144
37,36
130,98
5,103
81,110
53,42
74,141
73,20
49,135
65,90
130,144
50,53
87,20
53,15
122,64
80,89
25,62
58,81
102,95
9,136
3,108
82,126
75,35
45,35
68,129
145,75
20,118
48,75
66,145
101,70
83,23
33,130
72,21
83,10
22,123
130,15
63,96
33,133
51,45
38,37
42,21
30,9
19,57
32,12
52,37
64,73
89,4
134,6
81,44
28,143
113,99
30,143
5,80
53,102
45,58
38,8
24,77
121,100
136,142
68,97
45,114
98,130
40,143
101,62
124,64
53,136
15,71
82,102
134,142
10,90
91,94
48,107
104,135
60,22
116,100
116,141
34,112
28,95
98,123
134,103
62,79
127,64
20,76
32,101
26,83
59,96
121,85
99,143
30,122
68,17
86,75
46,138
142,21
113,31
54,115
106,97
12,125
134,109
66,75
125,128
22,69
21,28
127,132
43,145
93,137
2,62
33,139
48,76
62,126
140,25
49,106
133,72
25,4
56,147
53,127
138,123
149,85
144,31
54,35
118,140
97,94
148,139
130,116
63,91
134,136
130,106
27,14
52,42
110,102
81,24
15,118
13,15
75,86
47,78
87,22
24,106
27,98
24,132
54,34
9,43
82,93
105,45
147,24
132,131
104,78
133,148
113,137
106,112
133,76
114,44
93,23
44,100
42,77
17,7
49,89
55,3
65,100
107,2
97,39
116,22
34,79
109,91
36,10
83,124
38,106
51,114
30,31
123,136
41,73
1,133
127,109
117,5
34,93
147,125
137,39
145,69
63,88
76,54
1,7
51,134
79,80
113,142
114,55
106,149
105,37
93,24
1,138
7,1
83,28
98,77
59,103
15,22
36,57
146,109
121,29
116,46
79,110
36,104
90,18
32,77
30,53
11,88
69,68
64,132
129,24
121,107
83,46
22,127
147,54
65,81
60,17
135,93
142,52
96,26
144,80
25,79
85,120
10,25
53,74
1,51
88,45
131,43
58,50
118,64
102,75
14,67
13,80
80,144
87,63
10,85
15,21
4,9
110,137
116,77
35,47
135,20
46,40
98,86
73,7
25,141
61,102
61,47
106,61
120,44
60,121
101,132
94,71
40,105
75,85
146,118
17,5
21,108
94,108
94,31
6,147
111,76
4,145
88,51
86,47
56,132
67,19
131,143
84,1
116,136
40,113
55,107
10,14
133,57
82,98
9,8
52,40
128,142
31,91
73,65
86,122
61,123
122,50
11,92
101,43
29,84
66,50
73,97
41,107
94,125
127,123
13,7
94,12
98,120
118,24
79,17
129,109
96,81
119,53
48,27
83,122
77,3
146,52
141,125
20,53
23,144
113,49
123,109
62,85
128,91
37,51
81,71
42,67
11,63
26,124
20,132
71,138
139,131
147,48
112,1
33,61
16,137
142,50
27,128
70,86
135,70
49,3
22,59
83,116
134,76
139,94
7,33
144,57
35,54
18,43
13,36
72,44
49,127
82,120
90,121
49,75
10,24
69,98
119,5
46,106
18,23
89,109
57,100
22,7
7,83
4,91
145,110
142,93
147,2
53,88
59,141
88,12
14,8
55,28
129,103
118,36
45,78
120,71
35,120
29,9
91,77
45,3
51,109
11,119
8,130
108,9
15,88
42,140
23,132
77,104
50,102
111,143
108,14
36,72
142,104
136,33
81,76
15,39
144,28
80,79
139,56
80,110
101,144
85,9
69,138
98,52
32,11
29,121
81,129
68,89
23,60
119,45
4,135
82,59
93,38
83,89
74,18
47,127
72,79
134,85
18,117
48,89
114,91
134,106
83,31
75,66
50,44
119,42
54,13
127,78
118,55
78,140
95,18
11,67
31,143
66,63
57,133
58,149
39,97
40,34
89,120
108,103
72,128
54,57
62,38
86,53
139,3
97,130
78,96
76,62
108,135
133,94
65,79
126,107
114,9
22,84
144,65
121,39
119,115
118,92
99,128
18,83
143,123
53,106
8,18
143,75
18,108
127,12
60,94
22,98
14,108
53,23
57,112
90,114
110,127
98,149
17,91
62,42
32,28
9,88
63,144
139,74
141,75
127,37
92,96
140,14
81,149
85,138
58,42
101,120
62,1
96,146
95,14
103,76
35,41
141,41
33,54
104,36
30,36
138,128
16,113
41,118
87,40
34,38
74,2
28,52
13,139
32,57
117,39
102,91
92,99
148,32
65,124
141,71
125,132
22,56
148,55
50,26
94,51
148,125
24,112
18,87
21,149
17,79
97,136
39,123
5,100
142,101
75,2
140,139
17,108
142,30
142,138
85,99
68,31
100,111
102,120
23,75
23,105
13,50
60,2
24,30
111,71
107,97
116,71
136,60
14,99
12,60
115,70
54,106
31,78
82,62
82,148
109,95
95,56
61,34
122,71
101,27
131,26
5,112
130,127
102,28
137,136
83,114
102,129
98,119
74,139
81,67
145,86
149,33
45,71
146,66
53,133
22,138
54,14
68,40
11,28
54,55
5,49
17,26
40,97
63,42
131,113
120,7
94,98
97,120
68,95
13,52
132,116
43,28
52,135
83,112
93,19
56,34
61,105
138,19
85,32
4,136
111,92
48,109
31,63
51,92
2,39
120,141
70,20
91,126
105,52
144,70
74,107
77,82
135,102
18,84
126,118
66,117
89,11
11,110
119,112
131,62
134,132
33,16
51,76
39,102
75,54
70,134
146,106
69,48
9,65
40,83
93,148
127,122
123,81
25,64
34,82
87,108
7,148
34,23
6,89
64,142
125,144
33,71
14,56
25,80
112,63
148,33
103,43
58,37
3,71
143,8
42,55
134,29
71,40
139,5
7,69
135,50
1,15
116,96
61,119
11,114
115,92
108,121
73,36
111,9
95,117
77,32
51,84
26,146
103,77
53,98
124,69
6,55
140,7
18,100
66,76
84,4
75,99
112,34
48,57
98,56
130,91
97,77
123,129
134,19
108,50
37,15
19,142
79,130
146,79
101,135
50,146
42,70
52,104
148,117
116,63
143,11
49,120
35,9
62,81
131,67
132,1
32,50
21,145
31,116
116,81
65,121
28,123
40,64
7,106
97,47
140,69
17,27
77,50
59,78
136,144
54,95
79,88
49,101
102,92
116,38
106,94
31,1
121,134
73,35
21,24
39,110
48,148
90,123
128,21
116,10
98,96
140,15
135,143
5,48
64,77
12,10
38,74
49,131
18,29
134,89
28,114
109,70
98,16
29,130
88,138
47,32
83,145
22,76
124,112
75,109
121,8
139,104
52,120
52,128
84,95
99,20
103,140
52,92
121,32
100,27
50,56
94,77
8,93
140,86
47,8
87,124
67,122
90,24
75,14
38,24
40,121
8,103
31,59
7,68
139,38
71,107
104,119
70,100
59,132
83,68
54,69
19,108
119,95
94,104
49,38
118,136
73,129
138,133
23,42
149,124
82,147
60,55
21,14
24,133
78,99
105,76
3,28
69,45
57,47
32,92
127,79
96,93
42,24
73,83
70,50
102,84
117,120
63,90
117,9
74,13
143,139
133,120
39,32
12,18
78,28
25,6
30,85
49,14
49,98
115,7
85,127
94,30
137,92
66,49
115,123
125,2
135,38
22,77
14,82
101,33
82,25
3,83
63,26
146,7
37,103
24,49
65,95
2,17
97,122
3,50
140,81
21,87
86,114
19,95
119,68
146,74
74,21
30,60
123,50
33,123
71,22
77,39
50,94
92,133
140,141
66,64
80,73
124,109
72,77
59,10
43,57
40,102
27,129
95,144
23,119
75,31
132,142
86,90
85,8
25,113
121,96
113,106
144,35
121,109
77,90
79,58
17,87
112,138
66,137
11,68
131,78
12,74
141,31
73,119
22,64
77,17
3,63
87,101
82,10
102,65
52,132
39,14
6,17
48,14
142,118
25,103
114,102
16,41
32,93
97,101
36,143
48,110
109,106
22,34
36,80
140,130
33,134
135,43
65,107
10,131
40,46
100,56
110,89
41,99
46,92
87,57
30,29
28,9
92,130
110,20
44,132
148,20
41,130
14,37
89,35
109,50
130,99
64,54
14,69
119,29
7,29
102,36
27,139
29,96
3,68
88,47
17,147
38,3
22,54
66,48
52,6
30,109
139,13
113,13
133,82
54,53
91,71
116,113
100,60
105,127
26,7
73,111
36,16
60,34
44,115
91,41
115,63
87,50
50,83
98,63
121,118
61,78
135,17
111,70
123,13
140,1
114,33
68,138
143,115
145,88
42,19
94,132
148,75
101,139
88,130
55,20
91,44
56,18
57,58
72,38
47,70
77,45
32,14
58,13
108,15
121,38
12,58
64,4
49,116
77,86
90,107
9,19
131,68
1,143
141,58
117,48
3,125
141,120
138,5
125,86
108,34
11,96
28,142
32,25
115,25
23,18
76,129
61,54
40,11
147,28
89,140
149,7
45,53
64,121
39,42
52,55
85,100
82,133
128,113
149,48
41,111
4,72
19,71
55,110
29,52
2,93
2,96
3,16
55,7
110,2
21,34
75,17
52,91
138,22
79,72
48,18
123,21
34,15
67,94
17,90
121,88
1,23
122,98
12,92
125,102
49,103
55,71
146,104
50,30
15,133
147,22
112,127
72,66
58,146
138,97
144,107
24,21
14,35
53,92
139,137
148,107
105,91
30,27
79,7
2,76
82,96
129,112
130,146
80,71
34,91
81,16
93,119
44,85
134,10
34,111
27,5
48,136
142,57
120,55
114,27
21,6
142,105
143,28
100,49
58,95
18,56
51,30
91,82
38,124
50,99
26,114
105,78
107,28
69,62
107,66
4,47
136,69
25,98
137,118
49,121
92,63
71,104
96,76
130,104
113,140
103,122
147,74
135,128
47,61
86,66
110,121
119,18
39,29
95,13
96,83
123,9
8,125
128,139
25,89
13,23
19,113
37,126
17,113
52,38
36,58
114,24
112,147
105,57
123,47
126,139
65,22
52,84
131,6
16,73
146,53
134,61
110,70
71,145
54,78
28,63
57,135
43,13
53,47
70,113
74,125
105,51
122,38
23,76
56,63
5,90
21,57
76,70
108,112
78,7
119,146
126,145
77,147
29,19
16,144
66,34
132,45
83,38
35,60
61,30
20,120
144,95
38,50
94,118
114,19
84,73
100,129
147,134
25,41
1,120
39,46
100,88
16,96
112,29
61,15
44,137
125,138
92,21
18,16
125,122
90,55
62,133
79,115
79,137
121,112
76,6
19,55
25,37
39,121
83,126
8,55
87,73
41,47
76,81
131,5
48,103
138,99
77,117
147,138
140,85
30,19
112,24
47,22
55,15
64,103
17,6
79,50
101,91
5,24
73,66
57,7
39,57
53,59
129,43
125,36
84,36
108,127
101,112
14,122
27,112
119,120
110,106
88,15
125,33
13,145
11,115
83,43
25,93
95,142
71,66
91,124
92,132
149,74
126,42
28,48
123,102
31,145
126,74
29,62
2,85
55,101
104,113
99,83
27,62
127,134
130,11
112,149
77,74
141,121
58,63
98,146
143,63
66,81
75,119
99,122
6,78
97,135
61,35
99,146
49,41
57,72
75,11
53,86
29,1
16,26
87,75
41,98
71,148
66,46
51,69
78,37
75,69
116,74
105,118
117,135
89,25
66,42
93,87
67,90
126,18
50,116
136,114
55,70
121,74
41,43
80,55
72,108
76,28
125,70
17,70
25,131
21,104
138,113
146,85
104,120
7,70
86,85
42,57
120,111
18,132
23,136
12,120
99,23
139,80
134,35
11,14
24,27
123,82
4,23
53,144
24,104
134,75
7,101
145,45
87,2
2,3
129,16
88,84
43,14
82,101
115,87
48,7
130,53
78,122
5,104
66,25
24,80
98,19
56,114
68,134
45,32
26,66
92,149
119,111
4,54
95,30
49,64
26,125
142,16
45,8
69,94
124,113
71,142
118,46
7,149
145,42
57,92
96,129
14,26
109,79
7,132
144,22
55,33
42,25
11,12
74,117
74,138
140,36
128,7
79,102
16,121
43,62
127,76
137,17
19,128
82,142
84,33
112,97
42,59
22,125
57,30
7,98
24,42
70,12
34,113
77,131
72,78
54,42
79,83
12,100
85,19
137,42
29,39
11,15
129,84
52,85
4,15
45,55
3,47
118,28
143,126
7,80
148,16
117,82
79,45
141,73
147,117
109,9
107,124
20,79
55,86
126,36
59,41
38,90
6,63
37,61
74,103
143,56
8,63
128,87
24,119
107,14
25,63
54,112
92,144
18,67
149,13
124,22
129,99
95,9
134,119
51,17
72,8
139,64
69,146
79,13
71,20
17,77
95,93
108,133
145,5
131,37
59,21
60,16
74,88
138,46
23,127
27,124
53,56
27,63
24,142
89,34
54,61
136,11
141,53
7,108
31,49
109,32
111,121
85,132
24,144
32,34
24,60
125,90
148,66
101,137
92,86
137,111
124,36
16,51
86,145
28,24
92,94
124,19
9,112
88,13
28,139
113,58
75,40
17,31
127,29
84,75
139,110
130,114
63,60
47,145
26,5
16,128
149,51
69,119
75,101
142,39
44,117
36,47
6,148
118,21
14,123
85,134
80,27
73,126
71,60
54,149
46,32
136,117
96,135
6,131
19,27
80,53
144,137
68,67
135,112
76,85
63,109
108,41
37,43
57,12
31,4
82,61
33,24
115,129
60,103
81,134
56,121
97,109
13,74
15,123
121,91
132,14
73,93
122,81
39,109
75,146
99,134
3,149
63,114
140,120
145,37
79,126
36,109
66,15
141,69
51,66
5,41
70,49
97,17
97,59
105,88
119,87
132,70
91,123
130,32
100,29
100,140
132,136
96,6
143,2
105,42
140,107
5,4
61,7
10,38
46,49
135,13
8,144
4,107
105,146
59,144
122,104
108,86
7,100
96,117
92,79
118,56
120,33
59,18
133,136
59,109
111,79
48,124
61,79
70,74
130,97
115,16
72,148
100,145
62,118
129,2
114,85
24,136
16,140
66,112
73,27
126,64
6,75
85,65
40,100
133,130
1,16
142,107
105,69
115,53
78,17
116,34
17,50
22,130
40,138
24,22
47,37
2,70
27,87
33,28
103,80
60,144
36,116
143,44
132,60
95,5
144,9
85,15
136,4
59,108
90,149
100,11
116,79
131,91
85,122
53,137
51,50
25,32
115,37
134,104
36,2
65,45
88,60
20,55
42,78
132,88
77,149
50,17
11,126
52,20
124,65
136,28
78,124
6,123
64,10
57,63
85,24
98,116
99,30
73,49
61,74
94,147
57,6
76,134
100,106
30,123
123,43
22,14
2,56
136,149
105,31
35,68
10,150
67,5
74,126
93,147
136,48
25,54
46,55
39,49
1,19
122,39
58,29
8,123
114,100
136,38
147,126
132,137
6,104
109,71
1,5
101,66
65,125
124,78
114,70
42,129
122,116
27,144
147,72
72,132
65,10
50,93
49,108
12,67
99,67
46,131
9,128
82,89
71,8
131,25
62,105
74,83
51,27
111,58
81,72
19,48
119,33
61,120
130,113
93,62
33,114
99,44
48,126
72,138
146,67
35,102
42,109
24,122
33,127
56,60
149,102
146,17
125,7
80,95
44,122
121,42
56,6
131,147
63,66
54,6
95,73
67,27
61,39
74,95
59,83
81,128
44,113
63,117
114,2
135,120
106,64
106,88
63,124
102,149
97,69
8,58
112,27
130,135
4,96
138,51
68,143
51,14
77,94
19,38
21,29
136,37
80,101
89,137
75,133
100,114
146,105
49,76
66,93
46,61
102,53
17,15
133,101
99,96
72,124
116,147
44,42
42,26
23,11
58,112
84,115
147,119
7,67
15,31
110,133
25,76
137,79
14,41
116,112
106,123
101,40
121,41
57,84
135,61
132,65
132,24
55,75
115,97
106,122
148,130
56,80
32,15
114,129
42,53
30,11
16,36
94,111
55,45
105,113
141,5
119,24
61,14
146,5
100,130
37,90
10,28
66,56
16,134
87,130
33,36
97,18
89,136
124,111
8,78
89,27
35,141
131,119
106,87
104,108
5,77
115,59
107,4
132,48
5,141
41,30
82,11
95,120
45,81
95,91
126,94
27,136
54,123
21,93
19,58
92,90
44,70
29,25
24,43
83,86
45,49
29,68
30,80
61,45
19,70
90,77
7,110
140,64
69,11
108,142
87,66
130,140
83,95
51,131
7,57
148,56
23,106
90,133
106,89
96,5
58,101
33,70
25,38
103,38
112,102
144,73
9,39
87,125
9,3
62,99
80,29
145,133
61,111
37,20
82,8
59,16
45,23
125,83
40,137
14,27
138,85
133,35
126,43
70,31
26,4
3,20
135,124
125,141
69,8
17,145
128,51
115,11
13,136
42,36
44,86
124,38
27,82
77,52
131,95
82,67
134,129
84,122
130,96
20,12
72,102
128,131
30,1
95,45
55,87
48,99
43,54
142,56
126,8
77,64
44,129
35,101
9,70
109,47
58,15
8,46
41,100
75,123
35,146
93,84
79,10
77,123
48,116
41,9
107,26
54,85
81,145
13,116
43,77
22,94
82,54
84,71
33,19
74,85
141,65
9,27
125,50
125,52
94,4
130,87
36,96
93,41
144,111
79,84
62,20
65,130
94,137
102,43
92,129
69,66
149,80
108,32
65,16
52,148
148,146
130,109
53,69
88,65
125,18
149,66
70,72
134,80
9,126
29,148
38,22
146,3
30,119
41,34
6,68
22,46
125,47
12,104
126,14
98,67
147,21
73,5
76,107
101,89
41,90
47,51
117,107
106,80
144,90
6,42
7,142
1,56
149,9
94,99
92,81
57,137
146,110
137,93
101,24
100,134
51,1
14,58
121,110
141,23
72,29
87,78
42,138
37,76
45,109
137,32
130,42
94,6
47,99
15,150
125,137
128,76
126,61
31,51
93,140
9,93
104,55
110,136
28,40
136,116
102,99
24,86
143,15
4,85
62,91
76,128
124,68
1,34
84,138
7,27
27,123
51,65
106,21
137,87
88,113
120,22
85,64
78,148
112,131
124,55
97,104
58,59
148,38
138,2
100,128
89,5
36,17
4,51
3,140
103,97
43,74
76,104
69,51
10,108
106,3
133,71
104,110
120,34
143,104
92,135
45,57
119,110
29,46
132,130
21,82
12,42
67,96
80,64
20,58
54,67
13,101
87,132
37,116
21,40
88,39
52,33
21,37
65,141
99,47
93,22
49,8
27,47
61,57
46,27
75,93
20,8
45,63
101,21
97,3
88,9
128,80
20,88
68,57
1,134
27,40
113,59
90,36
96,79
7,103
17,94
72,109
7,21
51,120
85,61
116,146
100,15
77,15
71,26
38,128
143,33
140,138
99,26
64,22
85,97
119,134
20,26
81,126
115,104
26,110
44,62
6,14
99,22
145,70
23,86
35,131
41,80
63,112
116,138
23,140
27,84
1,21
41,105
70,126
60,64
22,86
39,4
113,87
24,110
8,59
86,69
62,124
135,91
90,6
103,57
11,38
84,92
87,141
106,15
102,24
92,141
135,55
129,82
16,64
106,103
127,105
71,57
70,119
96,86
44,35
83,19
53,85
50,145
97,55
90,132
124,104
41,102
63,126
70,117
57,20
12,36
20,104
11,101
26,68
49,56
83,104
140,144
109,98
60,65
74,36
89,121
19,97
143,3
58,28
20,47
49,146
30,43
5,29
79,141
90,117
48,105
103,31
98,92
33,25
3,130
1,104
43,84
32,112
96,120
89,125
23,100
105,116
134,37
33,102
62,73
115,46
60,1
132,123
94,33
126,67
8,73
136,57
41,101
34,30
26,76
53,77
56,96
25,29
5,147
75,15
140,12
62,48
125,26
110,52
96,140
127,82
98,50
15,149
83,58
145,63
87,112
97,27
96,61
125,41
33,126
3,26
28,130
138,81
19,26
30,84
85,82
67,69
40,38
109,74
45,79
1,115
25,142
60,126
124,93
88,73
51,107
30,71
110,12
28,97
65,70
95,49
24,96
37,109
122,113
140,94
29,36
108,101
13,128
108,21
75,34
134,49
89,119
12,135
77,143
71,130
139,144
87,116
8,148
7,4
64,34
100,14
60,71
140,55
77,18
149,115
1,53
45,122
44,18
37,149
76,32
52,49
61,69
23,39
3,37
42,58
23,31
66,16
134,14
45,118
136,89
92,25
3,109
36,103
97,79
129,85
62,66
59,140
68,93
111,64
127,85
19,147
130,139
120,119
144,133
28,76
138,76
8,7
134,18
16,29
16,1
96,75
25,83
1,98
121,28
88,41
18,98
147,104
78,50
103,47
141,148
137,1
32,56
21,8
99,89
60,79
15,76
66,13
5,13
148,129
129,89
42,92
17,105
63,21
77,107
18,113
69,28
143,22
149,62
74,134
43,22
148,102
5,26
126,119
147,43
108,126
96,67
66,130
73,32
146,12
90,79
95,36
29,30
27,135
43,72
123,23
64,144
36,120
42,29
57,26
30,63
83,72
98,44
18,57
107,102
134,60
93,47
78,109
137,150
118,23
40,14
131,82
147,60
75,145
138,20
64,119
79,134
59,43
52,95
23,21
120,133
6,112
27,17
108,106
37,142
142,23
2,6
36,67
79,135
15,108
72,105
5,38
56,73
123,41
120,96
102,133
74,93
49,2
115,32
76,112
69,142
94,41
42,101
69,75
6,50
66,69
133,107
57,76
146,25
54,131
43,119
91,78
99,5
146,91
23,141
141,87
38,30
22,88
3,58
51,149
18,51
4,149
132,87
128,57
149,133
98,100
109,87
71,143
77,138
74,65
84,7
67,75
82,16
84,101
62,28
129,145
113,119
103,121
140,46
67,130
35,2
86,55
133,87
86,20
79,18
74,8
134,15
32,39
85,3
121,43
7,95
1,36
133,60
26,132
75,46
123,8
80,68
134,47
37,38
87,105
18,47
82,113
72,45
36,56
64,1
140,148
135,126
45,148
27,77
141,9
22,145
134,102
118,59
123,32
99,46
131,89
81,100
40,21
125,71
131,55
93,36
33,111
84,44
140,118
125,8
2,91
8,51
120,1
52,41
24,68
1,39
55,26
125,74
50,125
66,53
61,31
113,29
98,74
123,2
133,5
6,73
121,141
102,103
56,104
76,132
28,49
70,78
12,20
83,40
102,107
127,70
9,4
22,120
72,115
34,22
92,4
55,58
99,78
32,59
2,123
50,124
89,18
122,22
111,99
142,62
59,4
65,119
27,115
70,1
120,97
110,61
17,62
92,39
112,68
133,125
65,54
55,47
110,95
130,141
135,28
27,122
63,48
120,70
98,85
56,28
39,129
89,116
99,92
25,102
52,31
31,109
85,78
16,63
70,145
6,130
44,12
62,113
27,75
136,138
39,119
103,109
86,16
17,117
114,90
109,97
57,144
148,92
64,14
9,141
17,23
131,71
19,2
107,30
66,128
15,117
125,34
36,69
69,16
107,29
12,63
120,106
37,145
108,28
98,9
60,36
27,54
95,64
3,86
141,108
9,148
88,91
39,59
66,21
25,135
72,120
102,128
111,5
77,103
33,105
45,84
85,26
30,110
20,31
67,37
52,141
50,45
58,24
76,120
91,13
135,109
31,84
55,99
137,88
106,1
21,133
61,63
63,113
132,18
59,122
59,31
127,52
35,44
81,46
98,14
132,63
97,125
104,46
23,96
145,108
75,136
110,128
85,62
135,34
9,145
8,139
142,102
100,90
139,138
108,130
2,51
60,128
28,29
76,80
54,138
90,37
92,102
105,89
47,117
12,83
30,87
26,117
137,63
103,135
53,100
16,40
123,60
98,84
105,96
140,8
21,114
138,52
42,16
6,118
108,93
37,12
28,125
21,64
103,3
25,34
38,86
6,65
132,89
134,23
50,95
45,13
46,114
122,23
52,110
137,138
110,63
120,59
106,102
88,140
91,142
36,135
136,55
4,62
147,5
116,45
7,20
33,53
55,105
58,51
119,50
147,6
70,14
37,114
54,109
38,104
136,45
126,142
36,89
30,14
116,134
58,44
8,89
118,81
1,111
6,98
125,5
21,74
70,112
108,74
68,130
112,50
85,112
97,85
43,34
82,4
34,39
84,9
33,72
52,114
108,82
30,93
129,56
3,67
26,6
122,120
32,2
89,107
108,149
113,122
109,99
33,63
34,127
146,98
140,63
46,72
33,120
89,22
109,58
93,107
119,56
17,33
38,136
24,37
23,61
115,122
144,125
86,133
72,142
18,64
23,74
31,43
138,146
37,104
129,46
60,14
118,40
13,109
137,106
66,2
70,42
99,51
60,85
46,16
110,81
59,89
92,77
144,24
125,95
37,107
93,52
80,50
29,92
118,16
5,130
58,150
75,72
58,142
95,108
22,90
123,51
43,128
48,92
121,31
54,43
35,89
120,75
82,99
15,26
142,82
76,94
3,73
145,122
34,6
65,99
118,131
63,65
50,39
105,27
24,121
124,17
33,51
54,9
95,72
94,57
117,83
91,106
126,127
102,2
91,35
52,101
88,56
25,67
27,94
65,25
134,43
15,59
102,74
48,87
6,28
8,42
69,22
31,53
26,123
119,49
60,44
94,119
140,104
39,104
39,65
4,48
146,103
29,87
109,86
142,123
45,104
1,18
110,98
24,23
32,58
76,10
13,45
119,38
115,134
140,28
31,110
52,100
5,33
23,129
88,67
97,41
55,92
42,83
16,28
144,83
16,88
33,142
45,124
149,121
109,53
4,30
135,145
70,15
119,1
67,83
124,41
26,111
111,95
38,134
127,141
28,84
133,74
25,3
18,44
48,91
29,5
67,108
147,9
129,15
50,35
145,38
131,11
4,121
62,148
22,28
134,82
3,141
33,138
59,147
42,100
112,80
147,42
98,46
55,9
116,115
69,128
139,124
14,4
126,28
59,8
89,26
18,52
52,139
126,72
106,118
36,40
110,41
97,93
136,83
19,117
54,142
91,27
103,20
52,29
99,116
125,22
68,100
65,13
121,35
65,61
35,17
133,95
56,49
9,56
120,139
25,99
110,125
83,49
43,99
74,49
3,55
25,27
137,35
42,88
38,138
9,30
97,34
66,121
93,129
60,47
61,3
101,115
9,36
146,28
124,114
49,59
49,53
88,6
26,143
5,131
48,73
60,141
102,81
146,80
129,40
124,72
118,79
42,91
128,61
60,15
106,14
140,137
69,90
45,17
24,92
129,30
30,13
51,3
134,122
54,24
14,96
9,99
71,21
148,111
138,4
25,139
13,22
30,108
115,42
79,40
47,35
99,109
147,64
97,127
113,39
87,90
72,30
72,62
16,92
72,50
96,106
122,90
49,107
62,80
68,61
51,47
87,86
130,142
61,106
8,147
4,2
39,33
109,26
24,81
33,88
9,100
135,80
131,110
115,96
32,61
91,39
132,34
76,115
121,73
56,66
56,115
31,25
97,103
130,43
94,115
98,136
15,87
122,70
11,113
49,92
69,9
81,75
63,47
51,63
56,2
70,62
79,144
11,13
52,77
111,60
44,49
19,120
140,60
98,5
11,25
117,47
78,77
6,81
34,122
59,149
79,104
81,17
121,61
59,92
47,111
81,85
106,98
135,32
142,127
67,64
39,139
128,41
90,111
92,62
78,20
12,49
61,130
97,105
135,42
64,52
131,141
114,30
136,18
68,117
77,116
132,62
75,140
109,28
116,36
51,88
60,23
132,124
118,105
80,78
75,50
34,72
143,43
66,98
57,67
129,67
121,6
27,8
24,116
30,124
16,97
80,57
70,2
79,94
50,24
145,139
140,47
102,127
27,44
64,89
107,135
95,146
100,96
103,15
80,54
59,48
62,131
125,58
99,59
127,128
93,103
34,52
27,85
41,109
64,147
18,141
61,125
89,54
45,11
124,4
80,98
96,48
22,75
100,21
42,41
45,116
141,127
116,84
106,131
76,74
144,119
5,111
53,111
57,23
43,7
100,110
124,77
29,123
26,9
147,135
139,101
111,75
27,3
88,11
17,146
59,1
36,48
142,120
135,16
8,79
97,14
29,144
134,131
137,48
119,101
97,63
49,85
130,119
104,97
70,128
74,108
146,89
127,21
63,93
96,52
28,16
114,76
33,100
5,138
86,12
23,9
78,73
87,8
116,114
89,16
68,79
41,45
14,85
21,96
113,61
3,75
140,75
106,62
57,148
145,140
48,127
97,13
112,33
40,115
68,44
125,13
132,106
123,44
74,17
12,14
92,89
74,59
123,114
148,68
54,139
141,85
97,145
15,52
52,5
128,39
10,132
54,129
99,113
52,64
36,131
130,108
83,119
24,62
25,97
106,82
51,60
98,59
37,87
121,18
29,95
41,97
131,24
128,60
74,60
103,48
13,100
69,95
5,27
3,105
15,17
67,106
8,4
36,77
76,123
76,69
34,137
31,120
144,140
118,94
126,24
33,97
1,119
143,145
47,93
132,55
138,134
23,81
131,120
91,17
102,10
142,15
81,1
2,12
146,46
59,40
16,2
86,148
39,86
85,126
63,22
20,94
9,113
41,37
110,129
9,51
39,131
74,146
37,86
131,126
132,39
124,49
45,126
24,90
93,61
96,89
130,12
40,3
60,108
78,115
4,122
79,127
62,74
139,83
84,87
45,142
130,49
110,32
103,142
20,35
16,126
18,119
136,7
100,3
62,18
53,64
102,126
56,9
4,26
4,16
13,6
138,149
103,16
90,56
50,37
65,15
43,80
73,69
25,47
135,8
55,149
102,67
137,59
76,87
81,7
3,138
34,57
90,64
138,12
59,75
91,148
4,141
61,132
117,64
104,8
89,71
73,143
96,7
79,25
17,150
17,119
122,46
82,38
38,64
87,137
129,136
95,77
42,46
59,7
95,41
59,26
34,146
149,147
56,145
140,40
42,56
30,72
68,137
89,57
110,1
101,85
70,81
63,52
85,74
99,130
126,34
85,60
119,147
62,56
14,129
68,60
76,50
129,96
16,142
101,31
76,98
78,43
37,57
83,44
126,4
29,82
122,131
13,70
109,135
47,43
34,70
46,112
83,111
84,37
31,101
10,9
68,65
7,147
21,95
125,133
135,76
25,40
21,35
29,75
24,14
37,73
137,100
26,137
43,117
141,36
129,117
13,3
97,88
142,17
50,48
95,80
97,33
127,100
126,62
74,99
136,70
9,7
130,13
84,50
47,88
137,139
37,67
38,71
42,95
103,87
111,94
53,146
21,128
77,10
133,127
36,100
98,109
128,101
35,11
132,95
66,102
10,81
46,70
64,100
137,10
44,2
89,49
60,106
77,88
134,7
56,71
16,18
46,139
100,24
14,128
91,32
59,107
43,23
74,89
83,1
50,98
26,64
17,38
53,5
49,13
81,120
48,17
25,55
54,74
101,136
16,45
94,58
100,55
15,38
117,46
100,39
80,130
129,133
28,83
117,145
21,68
59,14
22,141
33,103
122,57
112,70
47,7
108,49
102,121
133,132
93,149
43,110
20,115
78,29
133,99
81,28
59,146
147,20
48,37
105,40
18,116
3,62
88,44
149,54
72,17
24,97
102,136
142,61
91,109
125,35
70,43
83,56
70,13
143,106
77,66
96,25
111,26
39,87
72,14
94,73
38,95
46,126
5,64
63,58
26,89
43,122
117,23
9,108
100,141
75,32
147,143
35,100
17,73
95,129
51,36
32,120
16,141
121,69
135,104
114,93
19,68
48,74
133,143
20,134
130,24
134,92
61,77
93,82
59,121
94,2
123,34
35,38
95,22
96,104
74,25
149,42
21,99
25,20
67,127
2,66
105,5
85,139
8,122
134,139
126,100
39,135
81,114
136,81
107,46
103,102
46,109
96,134
106,111
97,144
10,113
109,43
44,89
145,20
42,27
59,87
50,43
26,11
44,141
70,121
146,123
15,10
108,65
93,43
19,41
107,63
119,144
104,147
123,3
141,86
90,122
15,25
52,122
117,110
10,29
49,50
142,64
2,121
55,132
46,86
8,84
147,71
12,136
35,49
20,23
142,18
85,17
77,33
147,89
22,118
57,17
16,52
11,128
37,94
61,131
77,75
6,86
111,144
72,139
64,44
102,117
62,112
104,128
24,79
103,67
113,147
141,77
122,27
133,111
119,123
65,89
72,93
146,35
78,102
103,23
140,58
97,44
112,7
13,37
59,28
75,100
125,14
6,91
81,132
29,109
47,74
34,1
103,107
46,71
113,56
96,10
17,10
56,75
19,9
81,25
114,116
60,62
54,15
28,43
33,101
140,62
104,146
42,5
73,40
37,77
99,107
89,31
83,94
67,92
146,62
128,124
73,116
58,46
8,57
74,51
40,53
48,84
61,64
9,79
120,138
48,25
56,100
45,75
65,142
131,57
105,141
46,57
53,95
69,134
18,13
108,87
43,116
71,35
95,84
17,54
94,124
89,139
29,89
104,68
50,128
85,108
136,50
71,127
93,89
39,111
20,1
122,13
79,76
12,53
21,60
90,83
47,82
26,1
92,119
28,86
13,60
4,97
102,131
14,29
5,10
30,15
2,112
104,91
91,135
142,110
91,133
122,60
21,126
83,2
72,32
108,3
93,40
87,139
42,22
68,111
13,121
79,96
58,76
59,101
143,36
16,4
39,115
121,24
9,77
56,35
123,59
97,71
10,74
117,30
29,26
61,36
21,47
143,127
45,87
80,40
2,103
129,64
77,106
64,104
146,119
87,110
9,73
88,53
132,134
123,75
123,39
92,83
59,2
119,109
132,91
41,91
99,93
71,98
36,7
60,39
67,54
3,49
81,15
34,76
98,78
67,99
76,24
15,142
71,82
56,127
107,53
86,40
96,42
82,136
99,66
38,15
81,124
112,79
127,101
81,99
12,24
145,135
93,44
42,39
30,17
93,15
62,103
103,13
119,8
32,147
126,138
49,1
103,34
31,90
79,122
66,119
8,112
92,73
39,126
63,100
42,11
35,5
99,36
65,91
105,148
16,143
122,88
90,67
88,83
36,107
79,37
37,48
87,98
137,128
21,41
143,130
118,35
70,35
69,106
23,22
92,78
76,25
127,116
36,90
144,96
87,147
93,133
69,118
106,132
56,1
24,75
77,72
147,142
28,106
109,61
116,122
138,100
113,143
135,82
22,143
138,101
52,75
53,8
123,135
141,15
10,33
73,122
10,26
115,93
56,98
26,60
146,19
12,76
92,26
80,135
75,48
30,75
100,66
110,64
118,25
35,82
74,145
24,134
50,76
38,145
116,29
96,98
28,64
84,120
123,22
116,109
38,93
148,25
106,126
114,121
8,117
114,125
133,41
96,36
90,39
106,134
85,6
106,129
40,43
12,94
134,67
119,25
34,43
72,80
109,20
140,116
33,124
91,53
61,98
97,61
21,3
96,90
21,23
57,21
49,60
133,113
32,113
62,29
1,26
99,125
76,113
17,16
8,54
144,69
23,48
27,37
72,71
37,40
65,85
3,53
93,94
33,22
55,48
94,39
149,11
90,1
44,6
127,77
38,120
74,9
79,91
75,60
22,40
105,106
116,9
43,88
53,72
97,31
55,65
16,6
119,4
61,56
130,52
127,74
131,93
106,47
36,101
104,49
25,101
40,33
73,67
26,74
40,47
89,70
2,143
89,129
48,85
64,35
104,4
122,87
27,120
70,67
30,48
144,103
65,1
20,36
28,90
148,8
92,14
30,61
10,64
146,112
61,135
146,138
84,81
67,86
122,35
31,127
97,21
116,137
138,136
94,36
26,8
147,80
16,133
109,115
116,66
141,59
14,42
62,108
78,133
66,105
51,74
4,80
25,125
122,55
85,53
95,42
112,126
108,98
101,126
131,69
25,127
143,59
142,14
99,127
32,94
138,45
62,46
29,58
64,129
34,95
80,129
69,39
74,73
41,38
73,60
4,88
103,84
106,18
60,54
78,4
82,135
99,7
118,82
48,31
109,66
32,133
49,6
31,137
93,33
33,96
76,51
68,64
114,25
42,123
123,97
7,76
2,37
83,36
55,54
129,41
118,87
29,88
92,19
149,23
96,24
19,46
104,96
48,9
38,81
57,82
36,123
89,14
23,133
34,128
14,57
51,140
47,128
21,115
52,21
50,68
9,74
82,46
58,43
146,78
35,22
83,76
49,133
27,148
73,17
6,92
70,36
14,92
125,119
125,101
50,143
2,126
79,54
54,29
31,18
41,57
86,23
102,18
1,13
117,36
130,8
118,114
57,129
26,138
146,129
124,59
110,135
54,17
118,10
91,107
115,10
22,108
141,18
96,23
81,27
92,56
25,129
107,47
75,7
104,127
103,105
40,91
115,57
126,95
112,150
47,92
131,150
108,76
65,44
86,8
93,134
120,132
136,65
50,117
47,23
145,115
136,107
71,28
108,43
77,7
27,81
50,104
50,51
27,109
91,105
71,137
73,55
44,77
26,98
134,81
136,143
140,115
76,63
86,105
85,148
90,96
103,101
35,61
48,143
32,129
143,105
54,23
78,138
86,143
39,85
88,14
6,62
90,99
2,13
86,95
140,84
56,8
123,48
55,146
130,117
52,99
6,125
143,50
147,79
51,85
94,90
83,84
32,20
142,66
148,64
14,88
118,134
99,45
76,116
138,73
10,2
37,136
54,40
149,75
111,43
132,99
90,109
21,107
19,100
142,38
56,21
72,5
50,10
3,36
106,43
60,82
58,65
63,41
18,101
33,92
25,13
86,110
59,39
15,73
1,46
74,63
130,115
92,76
117,127
122,32
54,100
131,7
48,23
77,81
17,101
106,8
72,70
126,102
89,9
71,43
22,92
27,99
110,88
143,17
39,88
89,128
50,84
21,129
82,145
37,113
81,2
86,39
20,148
15,11
82,31
28,103
135,19
127,118
70,120
99,106
6,140
93,106
36,86
13,32
148,37
13,85
6,109
34,67
84,28
21,33
39,62
8,28
92,7
2,20
127,111
101,15
60,122
48,119
29,73
133,16
53,3
3,126
101,96
32,146
106,52
19,96
97,82
117,25
38,70
67,73
148,71
37,52
138,68
76,26
43,73
79,15
16,3
136,62
45,102
24,94
116,48
53,114
27,118
97,57
59,86
130,25
147,106
110,74
34,58
127,16
27,45
57,19
56,17
31,74
113,36
92,120
114,109
40,93
38,97
95,2
25,43
81,12
33,43
107,141
95,92
87,32
41,33
81,45
123,121
85,147
121,65
69,24
10,21
50,135
112,119
51,94
48,133
8,119
70,92
57,49
125,77
93,55
86,100
137,56
54,127
83,67
61,51
55,44
82,60
29,63
142,12
113,109
93,85
29,42
88,69
88,58
114,124
84,25
75,4
85,18
20,135
15,132
62,11
94,146
88,62
17,124
23,138
28,137
91,121
4,70
27,147
8,141
107,146
29,17
133,7
116,106
29,50
28,62
113,92
2,109
15,16
20,34
77,111
55,126
77,121
92,36
26,62
84,53
125,123
4,117
25,86
59,111
75,44
76,3
5,110
9,48
65,128
111,24
90,14
98,29
13,38
135,123
111,107
55,145
8,146
1,80
100,22
128,140
17,143
66,22
113,80
118,126
10,65
41,104
132,7
100,13
50,87
97,86
72,83
94,23
51,101
55,34
7,43
36,129
31,73
45,101
92,66
99,148
143,20
91,134
52,36
120,127
70,107
127,49
110,117
95,32
112,2
1,129
118,22
56,37
75,76
113,77
141,136
104,2
41,4
109,8
17,100
112,30
31,39
89,50
20,145
40,95
113,98
96,51
102,4
104,50
68,98
123,55
104,88
83,148
52,71
22,62
134,150
72,76
96,125
119,10
146,139
130,38
21,75
141,89
12,52
35,10
85,106
74,35
141,6
127,44
129,106
148,60
39,150
119,54
116,104
14,28
140,99
4,79
56,69
111,68
63,7
84,94
133,73
94,54
122,102
6,134
90,33
82,129
1,83
111,3
53,34
56,93
41,20
140,4
27,18
135,53
127,53
121,105
115,112
123,90
32,131
30,62
36,139
113,118
40,146
84,43
29,48
108,30
136,64
35,37
40,25
20,51
76,114
11,72
124,84
19,10
66,70
130,4
54,11
34,120
38,132
29,51
122,140
87,15
83,118
122,137
72,12
45,59
27,149
127,110
133,44
142,115
123,88
116,110
120,136
29,45
36,136
143,69
96,80
149,126
108,109
57,125
87,37
47,31
32,108
84,64
56,76
79,132
83,9
40,57
23,47
67,129
44,142
17,95
24,4
29,146
37,121
47,104
149,24
122,82
116,86
10,66
6,40
23,91
98,42
124,123
91,69
90,85
38,149
143,62
57,149
7,34
125,117
43,25
58,85
134,50
1,128
50,112
109,137
34,19
114,94
13,59
82,134
120,99
102,130
15,80
65,17
127,67
89,12
23,94
66,111
97,92
147,7
9,53
143,111
74,123
9,116
13,51
62,34
133,114
87,117
45,25
33,75
101,141
120,51
95,57
80,143
131,107
38,21
119,30
5,129
27,28
33,2
74,109
133,124
131,124
44,73
6,77
29,28
74,84
5,6
108,44
51,93
139,95
101,37
123,122
22,113
97,15
61,71
78,65
29,32
142,70
47,28
4,109
96,57
8,129
52,59
66,101
8,44
99,121
121,103
2,75
106,100
104,59
28,115
99,77
107,19
47,98
85,39
140,80
71,115
142,19
147,27
51,68
59,63
81,30
85,63
143,42
72,28
102,38
75,149
35,52
96,124
40,65
64,42
77,130
125,106
60,37
31,86
66,9
89,112
130,133
138,118
22,53
124,128
76,30
14,70
104,132
46,9
18,147
59,130
94,28
20,89
97,7
94,70
47,42
51,43
120,36
8,64
144,76
115,137
65,7
2,71
147,121
144,54
147,120
14,3
4,5
136,101
65,93
86,76
142,7
105,104
118,123
144,26
38,34
4,108
124,92
99,101
37,122
75,102
143,113
25,73
94,44
9,16
78,62
127,35
6,7
105,18
120,39
30,129
26,30
110,59
82,139
106,76
75,116
144,88
133,129
135,24
99,54
88,103
92,20
93,123
7,115
145,68
146,115
63,55
120,16
78,45
17,78
67,18
86,43
80,116
88,92
62,40
90,46
35,59
107,32
57,46
66,3
49,72
86,60
91,137
66,10
121,53
74,97
139,76
46,28
148,82
117,94
44,121
32,115
21,100
10,88
47,13
87,136
40,71
111,86
81,39
98,147
113,35
144,85
43,107
118,103
71,129
56,119
32,62
123,12
59,49
110,46
73,106
75,92
41,75
50,71
65,120
26,54
22,27
91,8
72,86
131,46
100,53
97,51
31,9
79,33
19,140
106,22
55,137
29,86
114,148
109,54
6,47
108,38
15,127
62,15
65,87
79,36
73,100
84,131
90,84
109,125
3,121
107,130
44,148
93,110
74,75
99,95
109,16
133,26
118,108
6,15
70,29
105,128
14,104
41,25
123,110
4,127
118,61
29,120
114,42
111,148
31,7
22,131
35,30
21,65
2,24
101,54
129,86
34,9
127,95
20,124
21,146
74,24
4,65
92,117
109,111
55,16
112,53
131,13
36,33
7,127
140,23
35,80
69,12
71,121
66,52
38,113
93,71
138,106
106,90
96,131
105,132
129,108
100,83
9,57
17,53
66,41
81,29
45,69
94,131
31,124
46,113
13,55
82,88
131,118
95,137
38,11
90,76
74,128
93,54
29,12
16,86
68,5
57,107
1,109
19,11
109,131
72,119
70,131
48,42
19,82
42,115
76,142
13,97
60,24
131,49
126,132
80,97
53,115
8,116
99,90
104,94
110,119
74,32
99,91
15,51
81,23
16,27
22,45
62,22
81,59
28,71
136,15
17,104
55,102
142,108
38,110
5,40
30,8
12,129
5,86
119,93
12,140
124,50
11,40
77,128
12,143
49,140
62,107
60,27
43,146
15,24
26,135
29,72
68,18
26,71
31,38
120,86
57,16
22,31
147,39
67,136
15,63
143,38
29,71
11,139
75,1
145,124
46,20
134,91
83,87
111,142
120,62
119,67
47,137
103,130
70,82
30,38
117,10
23,90
92,45
17,93
72,65
99,149
45,85
91,136
33,132
24,103
114,14
135,122
32,110
130,46
29,136
123,104
65,58
1,89
96,122
120,76
68,11
100,95
47,118
69,52
120,13
59,128
148,39
80,20
57,126
132,140
125,142
121,2
90,95
22,78
51,70
4,148
62,137
63,81
134,71
137,15
40,96
148,40
142,128
15,74
18,92
64,71
49,65
14,55
141,79
98,121
57,37
106,139
91,70
101,124
110,147
128,29
23,65
49,83
2,68
62,52
44,106
74,142
97,140
142,71
126,122
139,22
70,26
125,150
25,134
118,1
36,61
107,111
12,78
147,82
64,36
85,58
15,109
58,120
147,87
10,114
48,60
23,126
121,57
134,128
102,61
7,12
42,90
34,54
71,41
90,42
106,141
31,139
133,70
66,33
100,115
17,109
127,2
104,38
116,13
48,4
37,17
71,93
15,138
95,47
76,57
145,1
24,102
98,93
15,105
74,1
99,69
113,18
125,44
44,45
72,23
94,11
26,37
86,25
56,103
21,51
136,8
110,72
20,67
142,73
34,99
21,52
37,71
133,100
75,38
68,84
149,12
47,119
51,33
30,23
42,81
80,131
47,55
43,78
109,75
31,76
149,144
133,39
51,59
103,60
79,35
96,19
13,102
47,134
29,147
68,114
67,112
21,119
97,66
65,138
127,48
26,139
18,2
19,99
115,86
43,76
92,67
42,145
97,70
105,50
144,150
111,21
50,72
59,138
114,60
47,133
38,41
99,6
139,37
55,79
117,106
25,21
112,23
58,93
34,64
17,19
118,17
3,119
61,124
109,124
39,41
4,42
96,133
129,53
94,35
58,32
65,84
29,59
123,37
101,146
144,18
91,100
24,83
147,18
97,107
124,119
4,60
9,139
4,103
128,98
107,57
138,9
122,108
101,118
42,105
78,70
47,87
19,138
103,99
27,24
52,142
131,105
74,119
16,62
76,16
38,75
102,42
128,146
87,138
114,141
29,106
65,75
115,43
41,122
141,24
79,20
114,23
148,53
59,142
143,46
100,38
67,145
20,56
52,129
109,10
26,12
31,32
74,39
25,108
96,59
85,1
117,99
7,89
127,24
19,53
24,3
36,106
62,144
88,57
14,136
33,48
123,112
13,140
11,118
72,56
24,65
133,23
54,48
60,143
3,10
57,103
144,2
40,56
132,33
136,67
37,95
64,31
84,121
135,147
142,8
116,23
147,133
82,108
98,134
94,121
41,39
85,142
101,93
74,104
97,48
62,60
122,17
66,115
31,69
14,118
97,24
32,123
85,135
131,42
5,124
81,36
78,105
132,47
138,124
109,19
52,4
79,19
48,67
136,97
146,55
23,44
5,117
17,131
47,49
34,139
40,126
124,1
41,88
55,112
121,87
81,138
98,23
52,32
148,118
114,15
32,95
131,61
41,138
64,106
53,129
91,31
108,131
100,26
130,65
118,80
40,104
38,79
143,94
129,49
40,59
44,123
99,124
40,88
25,18
89,85
50,62
123,42
27,126
15,37
46,102
27,89
101,22
121,92
85,146
104,103
141,128
30,22
148,144
15,124
35,83
19,54
71,116
88,134
98,34
97,110
14,33
1,137
23,51
125,85
64,47
98,112
33,67
82,43
94,84
3,134
43,5
55,61
18,136
28,113
42,99
79,149
87,99
12,148
9,10
148,120
30,28
26,48
20,38
73,46
30,66
128,13
23,68
124,115
26,29
135,130
119,3
134,5
73,3
24,135
10,84
88,31
14,34
31,134
114,6
10,122
20,103
95,62
129,104
133,75
61,121
49,71
128,46
49,130
136,19
121,23
148,26
68,6
16,24
6,95
7,111
24,16
41,14
111,49
116,28
57,110
100,25
61,32
89,63
49,109
53,87
31,54
2,77
9,111
62,121
92,42
72,140
3,120
56,126
54,107
71,6
20,41
10,17
131,101
30,35
19,89
14,107
45,34
120,35
7,113
11,62
84,134
69,123
21,10
125,115
48,144
60,114
94,143
17,1
23,34
3,1
121,71
8,134
25,132
110,118
3,76
108,33
72,144
106,36
66,61
8,90
8,50
45,105
62,16
148,131
102,5
130,1
34,27
64,107
75,57
61,147
72,150
14,97
140,76
139,71
1,139
8,23
61,103
137,33
142,141
36,113
102,78
75,61
75,73
29,90
13,126
57,36
148,93
101,8
53,30
139,47
14,77
6,31
124,63
69,33
141,107
88,52
70,133
90,26
35,29
80,120
56,11
47,132
127,140
56,27
94,128
97,91
45,130
121,16
5,12
66,27
147,12
75,56
99,27
139,128
111,82
81,140
124,100
42,102
60,148
78,88
44,140
103,131
134,126
94,55
141,34
22,9
47,18
138,129
129,55
140,68
120,121
18,82
21,70
61,88
36,146
1,35
60,6
9,24
68,122
129,3
91,139
106,104
40,108
41,55
84,113
5,46
48,44
36,12
87,5
43,2
79,28
123,26
101,51
82,110
107,127
42,1
132,125
127,51
149,21
102,25
144,120
96,33
131,44
34,131
19,21
104,72
36,112
1,142
104,117
27,111
143,23
36,50
19,139
93,95
74,20
56,130
46,78
46,76
92,146
60,76
35,25
63,14
94,142
124,21
16,61
149,69
115,139
72,60
63,107
13,104
54,68
3,95
134,137
105,41
71,55
21,42
91,3
140,105
139,96
50,16
68,119
80,150
35,50
114,22
99,38
53,50
108,59
13,147
54,122
75,77
62,43
8,105
143,35
19,143
82,125
59,62
48,78
104,69
86,132
90,30
60,95
38,144
118,37
7,88
136,131
93,3
74,86
57,79
11,87
149,32
109,83
78,82
2,74
13,86
108,46
54,10
91,110
127,115
43,81
99,86
116,92
18,76
10,22
67,42
37,18
50,81
84,114
110,132
32,16
25,110
9,59
63,31
5,85
134,120
35,62
19,23
1,100
142,88
87,45
96,92
44,67
61,16
91,90
118,142
111,114
29,3
15,79
94,86
92,106
74,102
45,39
37,91
34,142
143,87
95,79
143,47
21,12
137,66
101,133
105,134
27,64
39,54
116,123
132,66
12,29
83,90
81,78
107,6
138,117
16,58
87,129
114,65
123,115
21,62
91,111
130,5
88,10
44,146
131,41
45,115
121,11
64,19
39,13
45,12
70,33
22,110
78,68
132,150
87,107
67,29
119,46
135,84
68,30
134,32
117,38
145,16
66,57
146,38
34,8
137,86
12,112
36,1
50,15
105,49
116,4
62,4
50,33
77,83
125,109
81,103
137,135
104,90
70,123
125,23
5,8
41,48
63,94
57,91
61,127
109,101
145,29
34,37
14,19
90,63
37,84
76,77
46,14
39,68
102,58
14,59
70,11
69,100
148,73
72,16
81,26
80,127
101,25
91,36
36,98
68,27
128,65
115,4
20,69
67,72
137,49
41,74
109,52
86,14
140,53
128,133
6,70
124,62
148,136
12,43
91,79
39,76
31,70
99,73
139,61
55,23
87,56
99,31
9,15
91,114
28,34
42,125
48,95
87,96
39,99
15,99
82,123
75,138
74,131
148,105
35,144
148,18
145,41
131,146
132,96
87,118
58,136
44,3
7,25
58,72
69,108
39,25
128,20
64,39
115,145
3,103
102,73
121,108
98,125
24,145
9,26
89,99
94,48
123,147
143,122
61,117
28,102
135,39
147,3
34,144
99,97
122,112
15,60
68,53
22,111
1,117
25,90
68,78
31,133
76,78
95,98
127,90
22,124
58,3
117,60
134,147
12,119
13,4
87,53
93,144
78,97
107,59
63,67
23,122
121,22
30,70
121,55
54,8
91,37
7,61
83,62
4,100
49,84
128,2
144,17
26,18
69,47
127,31
106,9
24,9
135,118
123,5
101,64
116,65
6,110
45,123
127,11
127,131
34,75
130,54
103,17
115,148
92,72
96,100
47,101
145,76
69,81
33,27
113,27
103,49
24,73
10,117
34,16
135,63
130,29
119,97
63,27
94,93
31,33
81,119
44,19
10,99
147,35
98,99
26,106
118,30
4,40
3,15
110,145
141,66
38,137
143,65
31,80
90,147
103,55
2,31
136,10
136,85
79,44
104,124
76,67
21,86
58,79
17,14
123,117
44,21
94,7
63,129
28,111
18,111
101,72
71,45
6,8
100,69
110,105
19,119
57,111
61,122
61,8
105,85
63,84
126,128
28,87
145,2
85,113
45,82
82,51
77,102
24,36
92,6
115,132
17,12
79,136
94,149
136,76
85,140
9,129
82,103
130,60
60,53
80,102
116,47
117,118
22,39
3,112
125,134
82,63
8,127
17,32
72,11
147,67
115,82
26,22
99,21
33,4
67,3
64,83
40,5
56,150
75,134
139,48
6,24
144,149
78,6
42,31
2,18
138,60
84,100
14,114
111,103
39,50
37,134
10,54
39,8
39,53
50,113
111,38
8,48
87,4
67,66
147,122
13,87
66,68
114,52
113,55
1,55
18,90
48,135
118,19
115,128
22,23
149,16
63,34
34,33
42,40
110,4
48,120
94,8
82,70
73,136
54,141
32,23
109,127
140,57
123,142
105,60
16,66
90,2
6,25
116,41
128,32
140,44
90,66
106,45
139,2
145,97
5,126
78,52
27,113
6,18
1,30
62,147
120,45
124,66
60,115
50,2
94,27
119,96
70,103
74,116
77,112
26,72
13,1
7,114
90,128
149,91
37,45
64,8
99,10
24,137
1,130
62,8
59,118
85,16
48,146
80,146
45,131
145,6
53,41
135,148
75,25
8,14
140,42
2,52
143,37
141,140
64,111
77,139
68,47
102,79
147,146
115,38
111,124
100,6
142,122
99,144
8,6
43,71
10,23
14,7
27,23
108,16
32,67
111,40
3,40
139,6
20,110
137,23
61,112
7,97
100,97
88,86
121,25
56,67
96,116
78,106
140,65
71,58
141,37
83,70
70,149
60,38
143,103
100,109
56,13
9,35
12,61
84,2
93,113
30,99
92,93
105,102
24,141
88,93
36,118
9,23
100,2
43,96
97,121
6,85
91,4
91,28
2,67
119,7
49,95
125,75
141,12
77,35
71,69
86,68
8,75
65,145
108,31
21,31
58,33
91,146
131,19
32,63
19,107
147,90
49,4
8,102
97,73
70,146
29,54
88,139
119,44
94,29
37,79
110,139
112,48
103,35
74,148
29,83
94,101
21,30
68,109
103,28
17,74
107,121
47,72
35,99
88,109
7,120
38,29
93,108
58,75
30,54
61,114
144,45
92,49
3,7
29,139
18,74
8,142
124,18
104,1
126,69
135,87
7,122
107,9
36,124
105,4
96,115
46,143
29,80
95,29
98,38
38,5
10,19
147,93
125,9
2,36
84,58
54,60
138,13
140,98
102,112
35,34
121,21
131,58
131,79
137,62
37,66
116,80
19,37
45,149
106,46
58,17
46,140
73,109
49,82
130,82
143,108
44,30
137,38
69,29
83,147
75,36
33,122
53,37
126,49
82,14
11,17
62,84
83,121
38,54
68,49
42,45
51,91
122,14
83,138
81,93
44,90
146,116
55,139
71,54
92,147
92,3
105,95
105,23
113,17
97,102
1,85
33,149
25,107
62,19
103,108
115,141
37,106
138,109
30,16
30,25
38,52
77,109
138,125
109,64
73,26
41,17
62,78
145,125
92,136
134,138
48,45
104,116
41,106
48,40
116,26
38,27
146,16
93,102
135,79
105,22
105,28
115,30
52,61
69,136
91,149
111,4
36,108
70,99
124,24
91,49
110,123
122,125
90,119
1,102
110,26
61,2
47,10
57,40
76,139
145,7
62,63
22,33
109,62
49,46
24,138
4,1
105,44
90,129
48,72
96,65
55,91
103,41
33,78
30,137
73,142
135,90
36,71
86,109
121,123
73,135
117,69
51,104
68,34
124,107
14,36
121,67
134,21
130,9
68,118
79,27
14,120
37,112
89,76
1,42
101,149
7,139
124,33
16,112
68,106
73,24
16,10
80,87
124,45
125,96
46,37
9,91
77,8
20,59
39,79
65,94
105,150
33,110
132,20
65,42
108,29
92,148
86,30
16,136
92,75
46,147
100,37
99,81
32,135
100,23
44,55
95,55
84,46
83,101
146,77
9,110
133,49
116,135
4,41
39,34
21,124
104,121
68,51
120,85
6,11
30,89
84,125
37,98
78,123
139,85
28,21
141,32
75,112
85,28
99,61
142,136
30,51
62,59
140,13
127,113
63,138
54,3
17,39
29,49
49,32
76,21
75,131
29,126
88,115
47,107
134,48
115,110
96,148
108,70
61,107
92,51
45,15
129,107
119,102
61,68
1,113
41,125
79,125
104,21
101,52
79,73
82,76
33,8
101,44
28,61
106,71
81,53
129,9
57,130
75,81
20,97
28,37
58,6
93,68
53,29
60,133
39,113
123,19
116,8
34,108
55,14
101,129
3,11
29,140
107,50
23,30
11,7
73,118
10,42
65,64
25,130
48,8
88,63
135,110
7,18
50,63
87,103
132,19
5,145
115,34
108,57
69,46
122,114
87,51
9,2
114,62
79,85
2,72
98,106
82,2
20,142
142,150
70,93
129,70
83,54
112,113
19,64
52,113
4,123
127,8
12,19
115,49
53,124
31,82
5,79
77,51
29,129
86,22
89,78
114,18
27,110
97,78
9,123
116,133
108,146
64,113
48,94
73,61
92,8
84,52
90,144
33,109
57,33
88,144
57,150
104,87
128,109
18,137
114,47
120,125
104,22
43,104
59,38
109,141
10,77
78,69
83,81
63,51
61,96
65,96
53,80
117,59
8,30
135,33
52,7
40,148
77,53
142,43
134,114
145,79
116,52
89,118
120,79
86,26
102,70
30,10
103,45
41,46
97,142
74,55
31,50
93,25
47,67
69,112
59,65
90,139
65,105
132,127
132,77
130,102
37,59
63,6
111,74
118,7
71,38
103,8
4,104
39,101
113,145
23,110
97,42
7,102
65,103
24,70
126,66
137,109
60,87
135,40
61,133
146,40
9,54
42,118
13,135
108,13
140,54
64,130
4,114
131,16
43,68
2,104
114,13
38,141
64,53
50,119
81,97
7,44
8,35
78,84
124,95
15,13
1,121
127,96
111,45
6,64
106,32
93,76
40,110
16,30
62,2
79,46
57,122
60,11
18,8
84,40
76,31
65,59
9,81
98,64
148,34
136,16
76,144
129,113
120,134
124,53
32,68
14,1
37,150
26,126
92,22
15,68
19,85
85,37
36,140
31,94
135,27
60,50
121,66
103,4
41,76
48,50
126,99
116,144
16,43
69,42
45,89
56,31
114,115
148,79
56,148
144,82
115,105
6,1
138,7
111,15
20,32
71,23
53,60
98,138
139,98
29,22
26,46
7,13
146,93
137,144
59,24
92,10
78,129
134,11
115,14
139,67
89,30
38,78
79,68
70,101
44,48
18,139
22,8
112,143
72,10
25,88
51,49
6,59
110,60
45,98
20,85
141,126
19,121
6,108
124,126
57,2
124,29
28,145
106,128
136,80
139,8
3,146
69,1
129,90
92,71
54,62
61,44
92,142
28,53
33,45
91,115
15,134
133,115
96,44
113,9
95,147
6,84
124,150
135,78
108,104
82,149
7,129
100,42
41,115
21,77
28,23
35,124
37,138
29,55
37,69
3,21
88,119
28,68
17,103
100,8
122,20
70,3
52,30
112,92
72,31
86,146
80,52
78,47
38,61
89,51
111,123
48,69
4,25
138,83
72,87
84,141
7,90
134,95
31,72
32,74
35,103
4,106
119,139
112,21
129,120
31,141
48,28
38,43
15,3
67,16
33,128
34,17
65,146
60,139
44,93
134,38
64,37
96,142
87,142
149,15
116,132
124,71
16,98
52,25
43,133
5,118
34,98
73,72
144,126
97,23
95,12
54,146
104,143
134,8
83,50
46,89
30,92
41,42
8,77
118,69
50,96
117,13
147,140
128,92
73,28
28,74
24,128
54,22
1,59
2,55
84,130
75,20
1,20
108,125
113,81
36,44
41,126
28,128
103,96
105,25
130,62
115,45
35,118
145,74
60,140
129,19
95,118
80,24
88,40
107,67
36,37
38,25
130,20
35,134
127,41
147,98
24,19
122,128
70,129
128,110
100,63
68,73
35,96
83,61
2,19
80,86
17,36
36,132
107,88
124,16
140,149
135,116
99,63
116,130
12,127
18,134
17,86
70,39
98,80
142,130
79,148
73,54
128,49
50,110
35,42
59,95
73,18
43,100
122,28
3,74
74,150
134,13
13,72
21,135
137,77
124,116
142,79
44,131
110,85
52,68
46,103
28,124
9,63
47,53
61,18
11,30
69,96
2,149
29,79
50,12
94,63
73,9
32,64
145,103
26,97
107,93
35,133
33,137
105,114
140,89
17,34
60,112
4,131
139,107
17,13
20,98
55,97
64,15
131,122
109,49
59,72
139,32
34,129
65,131
74,67
46,10
23,103
57,68
71,111
104,134
22,26
63,142
96,35
113,28
47,57
67,93
36,144
54,44
121,136
72,130
82,137
30,79
36,92
134,146
6,113
78,32
54,118
131,139
28,127
110,42
112,52
109,35
59,50
88,50
95,59
60,90
148,122
70,30
92,60
14,32
117,2
78,121
45,21
104,102
11,69
29,64
40,116
22,10
9,118
21,106
30,107
83,17
84,77
69,148
117,44
71,24
35,147
47,21
68,96
62,142
42,85
63,20
77,49
138,1
110,5
49,26
21,43
36,137
111,113
72,149
35,94
128,19
63,75
148,145
138,147
57,65
39,90
147,136
43,135
56,30
59,69
73,79
137,43
81,115
18,24
96,14
77,1
103,7
109,149
22,63
23,148
72,117
69,5
132,72
11,104
102,118
100,19
57,136
56,3
79,129
135,98
100,7
18,112
5,95
122,61
121,49
124,25
30,83
33,64
75,129
79,47
49,10
6,36
78,117
57,39
140,128
32,102
72,2
128,63
111,57
116,33
28,39
34,35
102,86
17,121
57,29
124,148
61,72
122,78
133,83
114,40
146,75
27,91
60,89
7,40
63,8
52,12
29,134
25,105
103,18
32,31
68,110
77,47
41,51
85,69
94,103
43,131
91,92
82,74
56,142
129,10
1,44
1,75
1,58
1,140
1,28
1,118
1,107
1,4
1,60
1,40
1,84
1,76
1,123
1,24
1,103
1,88
1,124
1,52
1,112
1,82
1,94
1,146
1,92
1,67
1,69
1,106
1,70
1,3
1,54
1,65
1,126
1,41
1,90
1,10
1,57
1,147
1,32
1,79
1,108
1,136
1,131
1,93
1,132
1,77
1,99
1,96
1,144
1,127
1,38
1,149
